{"mode": "train", "epoch": 1, "iter": 500, "lr": 0.0001, "memory": 7762, "data_time": 0.01063, "loss_cls": 0.59748, "loss_bbox": 1.7455, "loss_centerness": 0.65085, "loss": 2.99382, "grad_norm": 21.37391, "time": 0.56564}
{"mode": "train", "epoch": 1, "iter": 1000, "lr": 0.0001, "memory": 7762, "data_time": 0.00609, "loss_cls": 0.42703, "loss_bbox": 0.61353, "loss_centerness": 0.62064, "loss": 1.66119, "grad_norm": 12.91645, "time": 0.55949}
{"mode": "train", "epoch": 2, "iter": 500, "lr": 0.0001, "memory": 7762, "data_time": 0.01052, "loss_cls": 0.37068, "loss_bbox": 0.4972, "loss_centerness": 0.60864, "loss": 1.47652, "grad_norm": 12.59423, "time": 0.56301}
{"mode": "train", "epoch": 2, "iter": 1000, "lr": 0.0001, "memory": 7762, "data_time": 0.00607, "loss_cls": 0.35251, "loss_bbox": 0.46887, "loss_centerness": 0.60629, "loss": 1.42767, "grad_norm": 12.7875, "time": 0.55991}
{"mode": "train", "epoch": 3, "iter": 500, "lr": 0.0001, "memory": 7762, "data_time": 0.01047, "loss_cls": 0.32781, "loss_bbox": 0.43247, "loss_centerness": 0.60272, "loss": 1.363, "grad_norm": 12.24275, "time": 0.5638}
{"mode": "train", "epoch": 3, "iter": 1000, "lr": 0.0001, "memory": 7762, "data_time": 0.00607, "loss_cls": 0.31236, "loss_bbox": 0.41387, "loss_centerness": 0.60053, "loss": 1.32677, "grad_norm": 12.28029, "time": 0.55793}
{"mode": "train", "epoch": 4, "iter": 500, "lr": 0.0001, "memory": 7762, "data_time": 0.01058, "loss_cls": 0.29077, "loss_bbox": 0.38144, "loss_centerness": 0.596, "loss": 1.26822, "grad_norm": 12.07676, "time": 0.56377}
{"mode": "train", "epoch": 4, "iter": 1000, "lr": 0.0001, "memory": 7762, "data_time": 0.00601, "loss_cls": 0.28447, "loss_bbox": 0.38261, "loss_centerness": 0.59762, "loss": 1.2647, "grad_norm": 12.04858, "time": 0.5605}
{"mode": "train", "epoch": 5, "iter": 500, "lr": 0.0001, "memory": 7762, "data_time": 0.01056, "loss_cls": 0.2654, "loss_bbox": 0.34865, "loss_centerness": 0.59265, "loss": 1.2067, "grad_norm": 12.1639, "time": 0.564}
{"mode": "train", "epoch": 5, "iter": 1000, "lr": 0.0001, "memory": 7762, "data_time": 0.0062, "loss_cls": 0.26625, "loss_bbox": 0.35158, "loss_centerness": 0.59466, "loss": 1.2125, "grad_norm": 11.43214, "time": 0.56057}
{"mode": "train", "epoch": 6, "iter": 500, "lr": 0.0001, "memory": 7762, "data_time": 0.01055, "loss_cls": 0.24134, "loss_bbox": 0.32432, "loss_centerness": 0.59011, "loss": 1.15577, "grad_norm": 12.83711, "time": 0.56435}
{"mode": "train", "epoch": 6, "iter": 1000, "lr": 0.0001, "memory": 7762, "data_time": 0.00611, "loss_cls": 0.24601, "loss_bbox": 0.33446, "loss_centerness": 0.59186, "loss": 1.17233, "grad_norm": 11.20352, "time": 0.55887}
{"mode": "train", "epoch": 7, "iter": 500, "lr": 0.0001, "memory": 7762, "data_time": 0.01059, "loss_cls": 0.21878, "loss_bbox": 0.30003, "loss_centerness": 0.58765, "loss": 1.10645, "grad_norm": 11.43654, "time": 0.56306}
{"mode": "train", "epoch": 7, "iter": 1000, "lr": 0.0001, "memory": 7762, "data_time": 0.00616, "loss_cls": 0.22539, "loss_bbox": 0.31407, "loss_centerness": 0.58872, "loss": 1.12818, "grad_norm": 11.65543, "time": 0.56146}
{"mode": "train", "epoch": 8, "iter": 500, "lr": 0.0001, "memory": 7762, "data_time": 0.01053, "loss_cls": 0.20649, "loss_bbox": 0.29023, "loss_centerness": 0.58539, "loss": 1.0821, "grad_norm": 11.95007, "time": 0.56436}
{"mode": "train", "epoch": 8, "iter": 1000, "lr": 0.0001, "memory": 7762, "data_time": 0.00603, "loss_cls": 0.20838, "loss_bbox": 0.29159, "loss_centerness": 0.58673, "loss": 1.0867, "grad_norm": 11.97263, "time": 0.55879}
{"mode": "train", "epoch": 9, "iter": 500, "lr": 1e-05, "memory": 7762, "data_time": 0.01062, "loss_cls": 0.15604, "loss_bbox": 0.23596, "loss_centerness": 0.58083, "loss": 0.97283, "grad_norm": 8.09208, "time": 0.56475}
{"mode": "train", "epoch": 9, "iter": 1000, "lr": 1e-05, "memory": 7762, "data_time": 0.00602, "loss_cls": 0.15535, "loss_bbox": 0.23881, "loss_centerness": 0.58123, "loss": 0.97538, "grad_norm": 7.85543, "time": 0.56149}
{"mode": "train", "epoch": 10, "iter": 500, "lr": 1e-05, "memory": 7762, "data_time": 0.01065, "loss_cls": 0.13897, "loss_bbox": 0.2272, "loss_centerness": 0.57993, "loss": 0.9461, "grad_norm": 8.25129, "time": 0.56408}
{"mode": "train", "epoch": 10, "iter": 1000, "lr": 1e-05, "memory": 7762, "data_time": 0.00615, "loss_cls": 0.13662, "loss_bbox": 0.22, "loss_centerness": 0.57877, "loss": 0.9354, "grad_norm": 8.22783, "time": 0.55981}
{"mode": "train", "epoch": 11, "iter": 500, "lr": 1e-05, "memory": 7762, "data_time": 0.01064, "loss_cls": 0.13069, "loss_bbox": 0.21894, "loss_centerness": 0.5788, "loss": 0.92843, "grad_norm": 7.72543, "time": 0.56431}
{"mode": "train", "epoch": 11, "iter": 1000, "lr": 1e-05, "memory": 7762, "data_time": 0.00615, "loss_cls": 0.12844, "loss_bbox": 0.20863, "loss_centerness": 0.57777, "loss": 0.91484, "grad_norm": 8.38267, "time": 0.55857}
{"mode": "train", "epoch": 12, "iter": 500, "lr": 0.0, "memory": 7762, "data_time": 0.01055, "loss_cls": 0.11877, "loss_bbox": 0.20001, "loss_centerness": 0.57583, "loss": 0.89462, "grad_norm": 7.14116, "time": 0.56614}
{"mode": "train", "epoch": 12, "iter": 1000, "lr": 0.0, "memory": 7762, "data_time": 0.00609, "loss_cls": 0.12009, "loss_bbox": 0.20698, "loss_centerness": 0.57785, "loss": 0.90492, "grad_norm": 7.11243, "time": 0.55937}
{"mode": "train", "epoch": 13, "iter": 500, "lr": 0.0, "memory": 7762, "data_time": 0.01053, "loss_cls": 0.11921, "loss_bbox": 0.20553, "loss_centerness": 0.57757, "loss": 0.90231, "grad_norm": 7.21307, "time": 0.56586}
{"mode": "train", "epoch": 13, "iter": 1000, "lr": 0.0, "memory": 7762, "data_time": 0.00626, "loss_cls": 0.11347, "loss_bbox": 0.19755, "loss_centerness": 0.57624, "loss": 0.88726, "grad_norm": 7.15669, "time": 0.56024}
{"mode": "train", "epoch": 14, "iter": 500, "lr": 0.0, "memory": 7762, "data_time": 0.01056, "loss_cls": 0.11723, "loss_bbox": 0.20355, "loss_centerness": 0.5764, "loss": 0.89718, "grad_norm": 6.89761, "time": 0.56439}
{"mode": "train", "epoch": 14, "iter": 1000, "lr": 0.0, "memory": 7762, "data_time": 0.00616, "loss_cls": 0.11512, "loss_bbox": 0.20006, "loss_centerness": 0.57706, "loss": 0.89224, "grad_norm": 7.13761, "time": 0.56031}
{"mode": "train", "epoch": 15, "iter": 500, "lr": 0.0, "memory": 7762, "data_time": 0.01065, "loss_cls": 0.11358, "loss_bbox": 0.19941, "loss_centerness": 0.57676, "loss": 0.88976, "grad_norm": 7.29132, "time": 0.56343}
{"mode": "train", "epoch": 15, "iter": 1000, "lr": 0.0, "memory": 7762, "data_time": 0.00611, "loss_cls": 0.11696, "loss_bbox": 0.20467, "loss_centerness": 0.57676, "loss": 0.89838, "grad_norm": 6.96382, "time": 0.55953}
{"mode": "train", "epoch": 16, "iter": 500, "lr": 0.0, "memory": 7762, "data_time": 0.01059, "loss_cls": 0.11238, "loss_bbox": 0.19935, "loss_centerness": 0.57638, "loss": 0.88811, "grad_norm": 7.16432, "time": 0.56615}
{"mode": "train", "epoch": 16, "iter": 1000, "lr": 0.0, "memory": 7762, "data_time": 0.0061, "loss_cls": 0.11577, "loss_bbox": 0.20396, "loss_centerness": 0.57729, "loss": 0.89701, "grad_norm": 7.13824, "time": 0.56006}
{"mode": "train", "epoch": 17, "iter": 500, "lr": 0.0, "memory": 7762, "data_time": 0.01057, "loss_cls": 0.11271, "loss_bbox": 0.1984, "loss_centerness": 0.576, "loss": 0.88711, "grad_norm": 6.94084, "time": 0.56541}
{"mode": "train", "epoch": 17, "iter": 1000, "lr": 0.0, "memory": 7762, "data_time": 0.00618, "loss_cls": 0.1159, "loss_bbox": 0.20137, "loss_centerness": 0.57656, "loss": 0.89383, "grad_norm": 7.15227, "time": 0.55844}
{"mode": "train", "epoch": 18, "iter": 500, "lr": 0.0, "memory": 7762, "data_time": 0.01061, "loss_cls": 0.11042, "loss_bbox": 0.19786, "loss_centerness": 0.57624, "loss": 0.88452, "grad_norm": 7.11219, "time": 0.56356}
{"mode": "train", "epoch": 18, "iter": 1000, "lr": 0.0, "memory": 7762, "data_time": 0.00604, "loss_cls": 0.11112, "loss_bbox": 0.1979, "loss_centerness": 0.57671, "loss": 0.88573, "grad_norm": 7.16597, "time": 0.56078}
{"mode": "train", "epoch": 19,