{"mode": "train", "epoch": 1, "iter": 400, "lr": 7e-05, "memory": 19759, "data_time": 0.01746, "loss_rpn_cls": 0.16774, "loss_rpn_bbox": 0.03053, "s0.loss_cls": 0.44715, "s0.acc": 89.97461, "s0.loss_bbox": 0.28383, "s1.loss_cls": 0.17251, "s1.acc": 93.09167, "s1.loss_bbox": 0.13057, "s2.loss_cls": 0.06612, "s2.acc": 94.89453, "s2.loss_bbox": 0.03455, "loss": 1.33299, "grad_norm": 7.44451, "time": 1.27852}
{"mode": "train", "epoch": 1, "iter": 800, "lr": 0.0001, "memory": 19759, "data_time": 0.01093, "loss_rpn_cls": 0.04815, "loss_rpn_bbox": 0.02557, "s0.loss_cls": 0.38428, "s0.acc": 90.21936, "s0.loss_bbox": 0.25864, "s1.loss_cls": 0.19034, "s1.acc": 90.11768, "s1.loss_bbox": 0.20233, "s2.loss_cls": 0.0875, "s2.acc": 90.94495, "s2.loss_bbox": 0.10277, "loss": 1.29958, "grad_norm": 6.79254, "time": 1.27834}
{"mode": "train", "epoch": 1, "iter": 1200, "lr": 0.0001, "memory": 19759, "data_time": 0.01117, "loss_rpn_cls": 0.04522, "loss_rpn_bbox": 0.02387, "s0.loss_cls": 0.36518, "s0.acc": 90.15588, "s0.loss_bbox": 0.23419, "s1.loss_cls": 0.18585, "s1.acc": 89.57207, "s1.loss_bbox": 0.19775, "s2.loss_cls": 0.08759, "s2.acc": 90.01971, "s2.loss_bbox": 0.10442, "loss": 1.24408, "grad_norm": 6.60825, "time": 1.27675}
{"mode": "train", "epoch": 1, "iter": 1600, "lr": 0.0001, "memory": 19759, "data_time": 0.01136, "loss_rpn_cls": 0.04367, "loss_rpn_bbox": 0.02672, "s0.loss_cls": 0.36737, "s0.acc": 89.76782, "s0.loss_bbox": 0.22159, "s1.loss_cls": 0.19034, "s1.acc": 88.8636, "s1.loss_bbox": 0.19222, "s2.loss_cls": 0.092, "s2.acc": 89.08277, "s2.loss_bbox": 0.10541, "loss": 1.23934, "grad_norm": 6.34249, "time": 1.2752}
{"mode": "train", "epoch": 1, "iter": 2000, "lr": 0.0001, "memory": 19759, "data_time": 0.01134, "loss_rpn_cls": 0.03639, "loss_rpn_bbox": 0.02213, "s0.loss_cls": 0.33908, "s0.acc": 90.255, "s0.loss_bbox": 0.19989, "s1.loss_cls": 0.1775, "s1.acc": 89.38204, "s1.loss_bbox": 0.17337, "s2.loss_cls": 0.08667, "s2.acc": 89.40206, "s2.loss_bbox": 0.09521, "loss": 1.13025, "grad_norm": 6.24475, "time": 1.27225}
{"mode": "train", "epoch": 1, "iter": 2400, "lr": 0.0001, "memory": 19759, "data_time": 0.01134, "loss_rpn_cls": 0.03646, "loss_rpn_bbox": 0.02141, "s0.loss_cls": 0.3459, "s0.acc": 90.30847, "s0.loss_bbox": 0.19726, "s1.loss_cls": 0.18071, "s1.acc": 89.3323, "s1.loss_bbox": 0.16925, "s2.loss_cls": 0.08815, "s2.acc": 89.3384, "s2.loss_bbox": 0.0943, "loss": 1.13342, "grad_norm": 6.44876, "time": 1.27607}
{"mode": "train", "epoch": 2, "iter": 400, "lr": 0.0001, "memory": 19759, "data_time": 0.0169, "loss_rpn_cls": 0.03459, "loss_rpn_bbox": 0.02086, "s0.loss_cls": 0.31932, "s0.acc": 90.75037, "s0.loss_bbox": 0.18397, "s1.loss_cls": 0.16727, "s1.acc": 89.889, "s1.loss_bbox": 0.15839, "s2.loss_cls": 0.08138, "s2.acc": 89.95959, "s2.loss_bbox": 0.08731, "loss": 1.05309, "grad_norm": 6.19491, "time": 1.27759}
{"mode": "train", "epoch": 2, "iter": 800, "lr": 0.0001, "memory": 19759, "data_time": 0.01065, "loss_rpn_cls": 0.0318, "loss_rpn_bbox": 0.01896, "s0.loss_cls": 0.3234, "s0.acc": 90.5144, "s0.loss_bbox": 0.19049, "s1.loss_cls": 0.16829, "s1.acc": 89.71658, "s1.loss_bbox": 0.1668, "s2.loss_cls": 0.08148, "s2.acc": 89.85192, "s2.loss_bbox": 0.09252, "loss": 1.07374, "grad_norm": 6.13423, "time": 1.2711}
{"mode": "train", "epoch": 2, "iter": 1200, "lr": 0.0001, "memory": 19759, "data_time": 0.01096, "loss_rpn_cls": 0.03197, "loss_rpn_bbox": 0.02074, "s0.loss_cls": 0.32615, "s0.acc": 90.4259, "s0.loss_bbox": 0.19019, "s1.loss_cls": 0.16771, "s1.acc": 89.73402, "s1.loss_bbox": 0.16035, "s2.loss_cls": 0.08199, "s2.acc": 89.7401, "s2.loss_bbox": 0.08901, "loss": 1.06811, "grad_norm": 6.05785, "time": 1.27523}
{"mode": "train", "epoch": 2, "iter": 1600, "lr": 0.0001, "memory": 19759, "data_time": 0.01179, "loss_rpn_cls": 0.03326, "loss_rpn_bbox": 0.01905, "s0.loss_cls": 0.31158, "s0.acc": 90.87097, "s0.loss_bbox": 0.18022, "s1.loss_cls": 0.16105, "s1.acc": 90.1701, "s1.loss_bbox": 0.15431, "s2.loss_cls": 0.07836, "s2.acc": 90.21795, "s2.loss_bbox": 0.08361, "loss": 1.02145, "grad_norm": 5.83841, "time": 1.27574}
{"mode": "train", "epoch": 2, "iter": 2000, "lr": 0.0001, "memory": 19759, "data_time": 0.01223, "loss_rpn_cls": 0.03118, "loss_rpn_bbox": 0.02108, "s0.loss_cls": 0.31937, "s0.acc": 90.57642, "s0.loss_bbox": 0.1866, "s1.loss_cls": 0.16412, "s1.acc": 89.92378, "s1.loss_bbox": 0.15912, "s2.loss_cls": 0.08026, "s2.acc": 89.97001, "s2.loss_bbox": 0.08859, "loss": 1.05031, "grad_norm": 6.22001, "time": 1.28217}
{"mode": "train", "epoch": 2, "iter": 2400, "lr": 0.0001, "memory": 19759, "data_time": 0.01219, "loss_rpn_cls": 0.0333, "loss_rpn_bbox": 0.02047, "s0.loss_cls": 0.32724, "s0.acc": 90.45837, "s0.loss_bbox": 0.18544, "s1.loss_cls": 0.16732, "s1.acc": 89.83384, "s1.loss_bbox": 0.15509, "s2.loss_cls": 0.08151, "s2.acc": 89.87103, "s2.loss_bbox": 0.08473, "loss": 1.05509, "grad_norm": 5.91644, "time": 1.27809}
{"mode": "train", "epoch": 3, "iter": 400, "lr": 0.0001, "memory": 19759, "data_time": 0.01714, "loss_rpn_cls": 0.02894, "loss_rpn_bbox": 0.01891, "s0.loss_cls": 0.3023, "s0.acc": 90.82129, "s0.loss_bbox": 0.17335, "s1.loss_cls": 0.15755, "s1.acc": 90.08478, "s1.loss_bbox": 0.15282, "s2.loss_cls": 0.07779, "s2.acc": 90.00721, "s2.loss_bbox": 0.08461, "loss": 0.99626, "grad_norm": 5.95553, "time": 1.27974}
{"mode": "train", "epoch": 3, "iter": 800, "lr": 0.0001, "memory": 19759, "data_time": 0.01123, "loss_rpn_cls": 0.02893, "loss_rpn_bbox": 0.01945, "s0.loss_cls": 0.31567, "s0.acc": 90.46887, "s0.loss_bbox": 0.17792, "s1.loss_cls": 0.16289, "s1.acc": 89.80076, "s1.loss_bbox": 0.15505, "s2.loss_cls": 0.07987, "s2.acc": 89.83199, "s2.loss_bbox": 0.0866, "loss": 1.02638, "grad_norm": 6.14097, "time": 1.28083}
{"mode": "train", "epoch": 3, "iter": 1200, "lr": 0.0001, "memory": 19759, "data_time": 0.0112, "loss_rpn_cls": 0.029, "loss_rpn_bbox": 0.01788, "s0.loss_cls": 0.29987, "s0.acc": 90.91443, "s0.loss_bbox": 0.17389, "s1.loss_cls": 0.15672, "s1.acc": 90.08711, "s1.loss_bbox": 0.15059, "s2.loss_cls": 0.07752, "s2.acc": 90.02063, "s2.loss_bbox": 0.08234, "loss": 0.98781, "grad_norm": 6.08845, "time": 1.28404}
{"mode": "train", "epoch": 3, "iter": 1600, "lr": 0.0001, "memory": 19759, "data_time": 0.01225, "loss_rpn_cls": 0.03412, "loss_rpn_bbox": 0.01845, "s0.loss_cls": 0.30367, "s0.acc": 90.90698, "s0.loss_bbox": 0.17494, "s1.loss_cls": 0.15797, "s1.acc": 90.21953, "s1.loss_bbox": 0.14672, "s2.loss_cls": 0.07758, "s2.acc": 90.11248, "s2.loss_bbox": 0.07823, "loss": 0.99168, "grad_norm": 6.24045, "time": 1.2882}
{"mode": "train", "epoch": 3, "iter": 2000, "lr": 0.0001, "memory": 19759, "data_time": 0.01269, "loss_rpn_cls": 0.03056, "loss_rpn_bbox": 0.01877, "s0.loss_cls": 0.29956, "s0.acc": 91.0, "s0.loss_bbox": 0.17334, "s1.loss_cls": 0.15415, "s1.acc": 90.44288, "s1.loss_bbox": 0.14822, "s2.loss_cls": 0.07492, "s2.acc": 90.52128, "s2.loss_bbox": 0.08135, "loss": 0.98087, "grad_norm": 5.81126, "time": 1.28413}
{"mode": "train", "epoch": 3, "iter": 2400, "lr": 0.0001, "memory": 19759, "data_time": 0.01253, "loss_rpn_cls": 0.02579, "loss_rpn_bbox": 0.01761, "s0.loss_cls": 0.2864, "s0.acc": 91.35681, "s0.loss_bbox": 0.1589, "s1.loss_cls": 0.14914, "s1.acc": 90.62336, "s1.loss_bbox": 0.13553, "s2.loss_cls": 0.07319, "s2.acc": 90.57209, "s2.loss_bbox": 0.07456, "loss": 0.92112, "grad_norm": 5.8382, "time": 1.2771}
{"mode": "train", "epoch": 4, "iter": 400, "lr": 9e-05, "memory": 19759, "data_time": 0.0183, "loss_rpn_cls": 0.02872, "loss_rpn_bbox": 0.01779, "s0.loss_cls": 0.28507, "s0.acc": 91.22266, "s0.loss_bbox": 0.16284, "s1.loss_cls": 0.1469, "s1.acc": 90.60673, "s1.loss_bbox": 0.13973, "s2.loss_cls": 0.07245, "s2.acc": 90.58549, "s2.loss_bbox": 0.07645, "loss": 0.92995, "grad_norm": 6.02502, "time": 1.28643}
{"mode": "train", "epoch": 4, "iter": 800, "lr": 9e-05, "memory": 19759, "data_time": 0.01184, "loss_rpn_cls": 0.02719, "loss_rpn_bbox": 0.01904, "s0.loss_cls": 0.29233, "s0.acc": 91.00122, "s0.loss_bbox": 0.16723, "s1.loss_cls": 0.15173,