{"mode": "train", "epoch": 1, "iter": 400, "lr": 8e-05, "memory": 19397, "data_time": 0.01646, "loss_rpn_cls": 0.17847, "loss_rpn_bbox": 0.03751, "s0.loss_cls": 0.33965, "s0.acc": 92.95215, "s0.loss_bbox": 0.12686, "s1.loss_cls": 0.13427, "s1.acc": 94.17432, "s1.loss_bbox": 0.04795, "s2.loss_cls": 0.05663, "s2.acc": 94.92236, "s2.loss_bbox": 0.00899, "loss": 0.93033, "grad_norm": 5.66304, "time": 1.14449}
{"mode": "train", "epoch": 1, "iter": 800, "lr": 0.0001, "memory": 19397, "data_time": 0.01047, "loss_rpn_cls": 0.05367, "loss_rpn_bbox": 0.03538, "s0.loss_cls": 0.26797, "s0.acc": 93.36316, "s0.loss_bbox": 0.14318, "s1.loss_cls": 0.11178, "s1.acc": 94.51318, "s1.loss_bbox": 0.09216, "s2.loss_cls": 0.04183, "s2.acc": 96.06311, "s2.loss_bbox": 0.03264, "loss": 0.77862, "grad_norm": 3.87995, "time": 1.13483}
{"mode": "train", "epoch": 1, "iter": 1200, "lr": 0.0001, "memory": 19397, "data_time": 0.01044, "loss_rpn_cls": 0.04699, "loss_rpn_bbox": 0.03312, "s0.loss_cls": 0.25934, "s0.acc": 93.01135, "s0.loss_bbox": 0.1351, "s1.loss_cls": 0.11805, "s1.acc": 93.50902, "s1.loss_bbox": 0.10326, "s2.loss_cls": 0.04891, "s2.acc": 94.60646, "s2.loss_bbox": 0.0457, "loss": 0.79048, "grad_norm": 3.88396, "time": 1.13071}
{"mode": "train", "epoch": 2, "iter": 400, "lr": 0.0001, "memory": 19397, "data_time": 0.01624, "loss_rpn_cls": 0.0414, "loss_rpn_bbox": 0.0306, "s0.loss_cls": 0.24681, "s0.acc": 93.08752, "s0.loss_bbox": 0.12628, "s1.loss_cls": 0.11465, "s1.acc": 93.42167, "s1.loss_bbox": 0.10206, "s2.loss_cls": 0.04973, "s2.acc": 94.26688, "s2.loss_bbox": 0.04891, "loss": 0.76044, "grad_norm": 3.94773, "time": 1.14398}
{"mode": "train", "epoch": 2, "iter": 800, "lr": 0.0001, "memory": 19397, "data_time": 0.01052, "loss_rpn_cls": 0.03767, "loss_rpn_bbox": 0.02778, "s0.loss_cls": 0.23486, "s0.acc": 93.49146, "s0.loss_bbox": 0.11816, "s1.loss_cls": 0.11025, "s1.acc": 93.70015, "s1.loss_bbox": 0.09795, "s2.loss_cls": 0.04838, "s2.acc": 94.36013, "s2.loss_bbox": 0.0484, "loss": 0.72347, "grad_norm": 4.1188, "time": 1.1327}
{"mode": "train", "epoch": 2, "iter": 1200, "lr": 0.0001, "memory": 19397, "data_time": 0.01075, "loss_rpn_cls": 0.03668, "loss_rpn_bbox": 0.02743, "s0.loss_cls": 0.24053, "s0.acc": 93.22351, "s0.loss_bbox": 0.11673, "s1.loss_cls": 0.11442, "s1.acc": 93.35806, "s1.loss_bbox": 0.09793, "s2.loss_cls": 0.05189, "s2.acc": 93.84406, "s2.loss_bbox": 0.05043, "loss": 0.73604, "grad_norm": 4.19748, "time": 1.12607}
{"mode": "train", "epoch": 3, "iter": 400, "lr": 0.0001, "memory": 19397, "data_time": 0.01609, "loss_rpn_cls": 0.03479, "loss_rpn_bbox": 0.02689, "s0.loss_cls": 0.22573, "s0.acc": 93.53125, "s0.loss_bbox": 0.11132, "s1.loss_cls": 0.1074, "s1.acc": 93.6801, "s1.loss_bbox": 0.09285, "s2.loss_cls": 0.04889, "s2.acc": 94.15201, "s2.loss_bbox": 0.04872, "loss": 0.69657, "grad_norm": 4.12275, "time": 1.13837}
{"mode": "train", "epoch": 3, "iter": 800, "lr": 0.0001, "memory": 19397, "data_time": 0.01033, "loss_rpn_cls": 0.03318, "loss_rpn_bbox": 0.02546, "s0.loss_cls": 0.22384, "s0.acc": 93.578, "s0.loss_bbox": 0.1136, "s1.loss_cls": 0.10631, "s1.acc": 93.69381, "s1.loss_bbox": 0.09506, "s2.loss_cls": 0.0486, "s2.acc": 94.12601, "s2.loss_bbox": 0.04868, "loss": 0.69472, "grad_norm": 4.42399, "time": 1.12952}
{"mode": "train", "epoch": 3, "iter": 1200, "lr": 0.0001, "memory": 19397, "data_time": 0.01021, "loss_rpn_cls": 0.03568, "loss_rpn_bbox": 0.027, "s0.loss_cls": 0.22192, "s0.acc": 93.6449, "s0.loss_bbox": 0.1106, "s1.loss_cls": 0.10534, "s1.acc": 93.80821, "s1.loss_bbox": 0.09224, "s2.loss_cls": 0.04741, "s2.acc": 94.34521, "s2.loss_bbox": 0.04672, "loss": 0.68692, "grad_norm": 4.17037, "time": 1.11957}
{"mode": "train", "epoch": 4, "iter": 400, "lr": 0.0001, "memory": 19397, "data_time": 0.01664, "loss_rpn_cls": 0.03144, "loss_rpn_bbox": 0.02543, "s0.loss_cls": 0.20983, "s0.acc": 93.85559, "s0.loss_bbox": 0.10535, "s1.loss_cls": 0.10057, "s1.acc": 93.94135, "s1.loss_bbox": 0.09019, "s2.loss_cls": 0.04657, "s2.acc": 94.28743, "s2.loss_bbox": 0.04769, "loss": 0.65706, "grad_norm": 4.13124, "time": 1.14398}
{"mode": "train", "epoch": 4, "iter": 800, "lr": 0.0001, "memory": 19397, "data_time": 0.01074, "loss_rpn_cls": 0.03363, "loss_rpn_bbox": 0.02663, "s0.loss_cls": 0.22271, "s0.acc": 93.45471, "s0.loss_bbox": 0.11428, "s1.loss_cls": 0.10595, "s1.acc": 93.66499, "s1.loss_bbox": 0.09781, "s2.loss_cls": 0.0485, "s2.acc": 94.17016, "s2.loss_bbox": 0.05056, "loss": 0.70007, "grad_norm": 4.2516, "time": 1.13323}
{"mode": "train", "epoch": 4, "iter": 1200, "lr": 0.0001, "memory": 19397, "data_time": 0.01062, "loss_rpn_cls": 0.02804, "loss_rpn_bbox": 0.02257, "s0.loss_cls": 0.19938, "s0.acc": 94.13159, "s0.loss_bbox": 0.09998, "s1.loss_cls": 0.09597, "s1.acc": 94.22969, "s1.loss_bbox": 0.08584, "s2.loss_cls": 0.04432, "s2.acc": 94.5945, "s2.loss_bbox": 0.04526, "loss": 0.62136, "grad_norm": 4.12543, "time": 1.12526}
{"mode": "train", "epoch": 5, "iter": 400, "lr": 0.0001, "memory": 19397, "data_time": 0.01656, "loss_rpn_cls": 0.03092, "loss_rpn_bbox": 0.02527, "s0.loss_cls": 0.21421, "s0.acc": 93.69385, "s0.loss_bbox": 0.10907, "s1.loss_cls": 0.10052, "s1.acc": 93.9439, "s1.loss_bbox": 0.09344, "s2.loss_cls": 0.04593, "s2.acc": 94.27455, "s2.loss_bbox": 0.04912, "loss": 0.66847, "grad_norm": 4.52381, "time": 1.13843}
{"mode": "train", "epoch": 5, "iter": 800, "lr": 0.0001, "memory": 19397, "data_time": 0.01096, "loss_rpn_cls": 0.03018, "loss_rpn_bbox": 0.02404, "s0.loss_cls": 0.21006, "s0.acc": 93.84814, "s0.loss_bbox": 0.10443, "s1.loss_cls": 0.10042, "s1.acc": 93.99047, "s1.loss_bbox": 0.08829, "s2.loss_cls": 0.04665, "s2.acc": 94.31509, "s2.loss_bbox": 0.04646, "loss": 0.65053, "grad_norm": 4.08203, "time": 1.12919}
{"mode": "train", "epoch": 5, "iter": 1200, "lr": 0.0001, "memory": 19397, "data_time": 0.01067, "loss_rpn_cls": 0.02835, "loss_rpn_bbox": 0.02285, "s0.loss_cls": 0.2036, "s0.acc": 94.04443, "s0.loss_bbox": 0.10299, "s1.loss_cls": 0.09697, "s1.acc": 94.20315, "s1.loss_bbox": 0.08741, "s2.loss_cls": 0.04502, "s2.acc": 94.49467, "s2.loss_bbox": 0.04626, "loss": 0.63345, "grad_norm": 4.17488, "time": 1.12497}
{"mode": "train", "epoch": 6, "iter": 400, "lr": 0.0001, "memory": 19397, "data_time": 0.0165, "loss_rpn_cls": 0.02781, "loss_rpn_bbox": 0.02344, "s0.loss_cls": 0.19984, "s0.acc": 94.04443, "s0.loss_bbox": 0.10267, "s1.loss_cls": 0.09519, "s1.acc": 94.18602, "s1.loss_bbox": 0.08873, "s2.loss_cls": 0.04373, "s2.acc": 94.52318, "s2.loss_bbox": 0.0471, "loss": 0.62851, "grad_norm": 4.25796, "time": 1.14063}
{"mode": "train", "epoch": 6, "iter": 800, "lr": 0.0001, "memory": 19397, "data_time": 0.01068, "loss_rpn_cls": 0.02907, "loss_rpn_bbox": 0.02369, "s0.loss_cls": 0.2036, "s0.acc": 93.99866, "s0.loss_bbox": 0.10482, "s1.loss_cls": 0.09768, "s1.acc": 94.08151, "s1.loss_bbox": 0.09139, "s2.loss_cls": 0.04529, "s2.acc": 94.39384, "s2.loss_bbox": 0.04864, "loss": 0.64419, "grad_norm": 4.14316, "time": 1.1292}
{"mode": "train", "epoch": 6, "iter": 1200, "lr": 0.0001, "memory": 19397, "data_time": 0.01068, "loss_rpn_cls": 0.02922, "loss_rpn_bbox": 0.02313, "s0.loss_cls": 0.19465, "s0.acc": 94.20093, "s0.loss_bbox": 0.0972, "s1.loss_cls": 0.09406, "s1.acc": 94.27033, "s1.loss_bbox": 0.08573, "s2.loss_cls": 0.04424, "s2.acc": 94.48303, "s2.loss_bbox": 0.04623, "loss": 0.61446, "grad_norm": 4.35071, "time": 1.12421}
{"mode": "train", "epoch": 7, "iter": 400, "lr": 0.0001, "memory": 19397, "data_time": 0.01653, "loss_rpn_cls": 0.02527, "loss_rpn_bbox": 0.02101, "s0.loss_cls": 0.19083, "s0.acc": 94.31055, "s0.loss_bbox": 0.09784, "s1.loss_cls": 0.09115, "s1.acc": 94.44819, "s1.loss_bbox": 0.08644, "s2.loss_cls": 0.04233, "s2.acc": 94.70167, "s2.loss_bbox": 0.04655, "loss": 0.60142, "grad_norm": 4.30072, "time": 1.13897}
{"mode": "train", "epoch": 7, "iter": 800, "lr": 0.0001, "memory": 19397, "data_time": 0.01036, "loss_rpn_cls": 0.0283, "loss_rpn_bbox": 0.02221, "s0.loss_cls": 0.20488, "s0.acc": 93.97876, "s0.loss_bbox": 0.10318,