{"mode": "train", "epoch": 1, "iter": 400, "lr": 8e-05, "memory": 19397, "data_time": 0.01588, "loss_rpn_cls": 0.16097, "loss_rpn_bbox": 0.03789, "s0.loss_cls": 0.35568, "s0.acc": 92.16272, "s0.loss_bbox": 0.13457, "s1.loss_cls": 0.12227, "s1.acc": 95.66138, "s1.loss_bbox": 0.04942, "s2.loss_cls": 0.05867, "s2.acc": 94.79431, "s2.loss_bbox": 0.00925, "loss": 0.92871, "grad_norm": 5.38973, "time": 1.13808}
{"mode": "train", "epoch": 1, "iter": 800, "lr": 0.0001, "memory": 19397, "data_time": 0.00995, "loss_rpn_cls": 0.05127, "loss_rpn_bbox": 0.03454, "s0.loss_cls": 0.27031, "s0.acc": 93.23962, "s0.loss_bbox": 0.14409, "s1.loss_cls": 0.11108, "s1.acc": 94.51562, "s1.loss_bbox": 0.09093, "s2.loss_cls": 0.04115, "s2.acc": 96.09619, "s2.loss_bbox": 0.03222, "loss": 0.77559, "grad_norm": 3.73902, "time": 1.12698}
{"mode": "train", "epoch": 1, "iter": 1200, "lr": 0.0001, "memory": 19397, "data_time": 0.01008, "loss_rpn_cls": 0.04692, "loss_rpn_bbox": 0.03042, "s0.loss_cls": 0.25732, "s0.acc": 92.9729, "s0.loss_bbox": 0.1357, "s1.loss_cls": 0.11685, "s1.acc": 93.40993, "s1.loss_bbox": 0.10457, "s2.loss_cls": 0.04927, "s2.acc": 94.42866, "s2.loss_bbox": 0.04732, "loss": 0.78837, "grad_norm": 3.86459, "time": 1.12424}
{"mode": "train", "epoch": 2, "iter": 400, "lr": 0.0001, "memory": 19397, "data_time": 0.01558, "loss_rpn_cls": 0.03863, "loss_rpn_bbox": 0.02904, "s0.loss_cls": 0.24814, "s0.acc": 93.18982, "s0.loss_bbox": 0.12323, "s1.loss_cls": 0.11526, "s1.acc": 93.47054, "s1.loss_bbox": 0.09892, "s2.loss_cls": 0.05019, "s2.acc": 94.18935, "s2.loss_bbox": 0.04803, "loss": 0.75145, "grad_norm": 4.03043, "time": 1.13671}
{"mode": "train", "epoch": 2, "iter": 800, "lr": 0.0001, "memory": 19397, "data_time": 0.00966, "loss_rpn_cls": 0.03843, "loss_rpn_bbox": 0.02844, "s0.loss_cls": 0.24125, "s0.acc": 93.21948, "s0.loss_bbox": 0.12228, "s1.loss_cls": 0.11353, "s1.acc": 93.45372, "s1.loss_bbox": 0.10003, "s2.loss_cls": 0.0502, "s2.acc": 94.0838, "s2.loss_bbox": 0.05067, "loss": 0.74484, "grad_norm": 4.29012, "time": 1.12752}
{"mode": "train", "epoch": 2, "iter": 1200, "lr": 0.0001, "memory": 19397, "data_time": 0.00979, "loss_rpn_cls": 0.03929, "loss_rpn_bbox": 0.02805, "s0.loss_cls": 0.23773, "s0.acc": 93.28992, "s0.loss_bbox": 0.12053, "s1.loss_cls": 0.1108, "s1.acc": 93.57433, "s1.loss_bbox": 0.09934, "s2.loss_cls": 0.04871, "s2.acc": 94.26421, "s2.loss_bbox": 0.04866, "loss": 0.7331, "grad_norm": 4.24306, "time": 1.11848}
{"mode": "train", "epoch": 3, "iter": 400, "lr": 0.0001, "memory": 19397, "data_time": 0.01631, "loss_rpn_cls": 0.03327, "loss_rpn_bbox": 0.02709, "s0.loss_cls": 0.23134, "s0.acc": 93.39075, "s0.loss_bbox": 0.11484, "s1.loss_cls": 0.1104, "s1.acc": 93.58743, "s1.loss_bbox": 0.09617, "s2.loss_cls": 0.04968, "s2.acc": 94.14577, "s2.loss_bbox": 0.04995, "loss": 0.71273, "grad_norm": 4.0461, "time": 1.13546}
{"mode": "train", "epoch": 3, "iter": 800, "lr": 0.0001, "memory": 19397, "data_time": 0.01129, "loss_rpn_cls": 0.03364, "loss_rpn_bbox": 0.02595, "s0.loss_cls": 0.22232, "s0.acc": 93.59021, "s0.loss_bbox": 0.11266, "s1.loss_cls": 0.10632, "s1.acc": 93.70198, "s1.loss_bbox": 0.09509, "s2.loss_cls": 0.04826, "s2.acc": 94.27133, "s2.loss_bbox": 0.04861, "loss": 0.69285, "grad_norm": 4.10418, "time": 1.13085}
{"mode": "train", "epoch": 3, "iter": 1200, "lr": 0.0001, "memory": 19397, "data_time": 0.01134, "loss_rpn_cls": 0.03116, "loss_rpn_bbox": 0.02424, "s0.loss_cls": 0.20939, "s0.acc": 93.99548, "s0.loss_bbox": 0.10359, "s1.loss_cls": 0.10032, "s1.acc": 94.09835, "s1.loss_bbox": 0.08767, "s2.loss_cls": 0.04573, "s2.acc": 94.5055, "s2.loss_bbox": 0.04548, "loss": 0.64757, "grad_norm": 3.81536, "time": 1.12357}
{"mode": "train", "epoch": 4, "iter": 400, "lr": 0.0001, "memory": 19397, "data_time": 0.01575, "loss_rpn_cls": 0.03098, "loss_rpn_bbox": 0.02492, "s0.loss_cls": 0.20798, "s0.acc": 93.94446, "s0.loss_bbox": 0.10523, "s1.loss_cls": 0.09994, "s1.acc": 94.0521, "s1.loss_bbox": 0.08857, "s2.loss_cls": 0.04583, "s2.acc": 94.39775, "s2.loss_bbox": 0.04563, "loss": 0.64908, "grad_norm": 4.19214, "time": 1.13609}
{"mode": "train", "epoch": 4, "iter": 800, "lr": 0.0001, "memory": 19397, "data_time": 0.00946, "loss_rpn_cls": 0.03392, "loss_rpn_bbox": 0.02568, "s0.loss_cls": 0.21646, "s0.acc": 93.80798, "s0.loss_bbox": 0.10933, "s1.loss_cls": 0.10264, "s1.acc": 93.95765, "s1.loss_bbox": 0.09195, "s2.loss_cls": 0.0474, "s2.acc": 94.29599, "s2.loss_bbox": 0.04868, "loss": 0.67608, "grad_norm": 4.33433, "time": 1.1281}
{"mode": "train", "epoch": 4, "iter": 1200, "lr": 0.0001, "memory": 19397, "data_time": 0.00997, "loss_rpn_cls": 0.03044, "loss_rpn_bbox": 0.02508, "s0.loss_cls": 0.20628, "s0.acc": 94.03662, "s0.loss_bbox": 0.10295, "s1.loss_cls": 0.09878, "s1.acc": 94.14657, "s1.loss_bbox": 0.08732, "s2.loss_cls": 0.04561, "s2.acc": 94.4215, "s2.loss_bbox": 0.0454, "loss": 0.64185, "grad_norm": 3.99629, "time": 1.12718}
{"mode": "train", "epoch": 5, "iter": 400, "lr": 0.0001, "memory": 19397, "data_time": 0.0156, "loss_rpn_cls": 0.03022, "loss_rpn_bbox": 0.02404, "s0.loss_cls": 0.2048, "s0.acc": 94.01416, "s0.loss_bbox": 0.10514, "s1.loss_cls": 0.0974, "s1.acc": 94.19248, "s1.loss_bbox": 0.08993, "s2.loss_cls": 0.04509, "s2.acc": 94.52081, "s2.loss_bbox": 0.04774, "loss": 0.64436, "grad_norm": 3.92378, "time": 1.13991}
{"mode": "train", "epoch": 5, "iter": 800, "lr": 0.0001, "memory": 19397, "data_time": 0.0097, "loss_rpn_cls": 0.0287, "loss_rpn_bbox": 0.02389, "s0.loss_cls": 0.20859, "s0.acc": 93.95056, "s0.loss_bbox": 0.10426, "s1.loss_cls": 0.09902, "s1.acc": 94.10398, "s1.loss_bbox": 0.08875, "s2.loss_cls": 0.04533, "s2.acc": 94.49856, "s2.loss_bbox": 0.04616, "loss": 0.64469, "grad_norm": 4.23392, "time": 1.1274}
{"mode": "train", "epoch": 5, "iter": 1200, "lr": 0.0001, "memory": 19397, "data_time": 0.01002, "loss_rpn_cls": 0.02844, "loss_rpn_bbox": 0.02281, "s0.loss_cls": 0.19837, "s0.acc": 94.23779, "s0.loss_bbox": 0.0968, "s1.loss_cls": 0.09414, "s1.acc": 94.39675, "s1.loss_bbox": 0.08248, "s2.loss_cls": 0.04316, "s2.acc": 94.69848, "s2.loss_bbox": 0.04398, "loss": 0.61018, "grad_norm": 3.89087, "time": 1.1239}
{"mode": "train", "epoch": 6, "iter": 400, "lr": 0.0001, "memory": 19397, "data_time": 0.01564, "loss_rpn_cls": 0.02719, "loss_rpn_bbox": 0.02201, "s0.loss_cls": 0.20131, "s0.acc": 94.04834, "s0.loss_bbox": 0.09984, "s1.loss_cls": 0.09593, "s1.acc": 94.1742, "s1.loss_bbox": 0.08649, "s2.loss_cls": 0.04481, "s2.acc": 94.4733, "s2.loss_bbox": 0.04634, "loss": 0.62392, "grad_norm": 3.95508, "time": 1.13862}
{"mode": "train", "epoch": 6, "iter": 800, "lr": 0.0001, "memory": 19397, "data_time": 0.00976, "loss_rpn_cls": 0.02832, "loss_rpn_bbox": 0.02327, "s0.loss_cls": 0.197, "s0.acc": 94.27002, "s0.loss_bbox": 0.09831, "s1.loss_cls": 0.09362, "s1.acc": 94.44108, "s1.loss_bbox": 0.08575, "s2.loss_cls": 0.04348, "s2.acc": 94.76857, "s2.loss_bbox": 0.04576, "loss": 0.6155, "grad_norm": 4.04158, "time": 1.12784}
{"mode": "train", "epoch": 6, "iter": 1200, "lr": 0.0001, "memory": 19397, "data_time": 0.00983, "loss_rpn_cls": 0.02781, "loss_rpn_bbox": 0.02335, "s0.loss_cls": 0.19738, "s0.acc": 94.13196, "s0.loss_bbox": 0.09924, "s1.loss_cls": 0.09562, "s1.acc": 94.21474, "s1.loss_bbox": 0.08651, "s2.loss_cls": 0.04497, "s2.acc": 94.41734, "s2.loss_bbox": 0.04616, "loss": 0.62103, "grad_norm": 4.18854, "time": 1.12272}
{"mode": "train", "epoch": 7, "iter": 400, "lr": 0.0001, "memory": 19397, "data_time": 0.01581, "loss_rpn_cls": 0.0259, "loss_rpn_bbox": 0.02194, "s0.loss_cls": 0.19319, "s0.acc": 94.18396, "s0.loss_bbox": 0.09867, "s1.loss_cls": 0.09312, "s1.acc": 94.31126, "s1.loss_bbox": 0.08825, "s2.loss_cls": 0.0442, "s2.acc": 94.45756, "s2.loss_bbox": 0.04885, "loss": 0.61412, "grad_norm": 4.03617, "time": 1.13957}
{"mode": "train", "epoch": 7, "iter": 800, "lr": 0.0001, "memory": 19397, "data_time": 0.00974, "loss_rpn_cls": 0.02568, "loss_rpn_bbox": 0.02066, "s0.loss_cls": 0.19124, "s0.acc": 94.39551, "s0.loss_bbox": 0.09798,