{"mode": "train", "epoch": 1, "iter": 400, "lr": 8e-05, "memory": 19396, "data_time": 0.01653, "loss_rpn_cls": 0.17124, "loss_rpn_bbox": 0.03673, "s0.loss_cls": 0.37209, "s0.acc": 91.38123, "s0.loss_bbox": 0.13625, "s1.loss_cls": 0.14401, "s1.acc": 93.10901, "s1.loss_bbox": 0.05205, "s2.loss_cls": 0.04696, "s2.acc": 97.27087, "s2.loss_bbox": 0.00994, "loss": 0.96927, "grad_norm": 5.96, "time": 1.1398}
{"mode": "train", "epoch": 1, "iter": 800, "lr": 0.0001, "memory": 19396, "data_time": 0.01076, "loss_rpn_cls": 0.05578, "loss_rpn_bbox": 0.03629, "s0.loss_cls": 0.265, "s0.acc": 93.25, "s0.loss_bbox": 0.142, "s1.loss_cls": 0.11039, "s1.acc": 94.42322, "s1.loss_bbox": 0.09218, "s2.loss_cls": 0.04226, "s2.acc": 95.88525, "s2.loss_bbox": 0.0343, "loss": 0.77821, "grad_norm": 3.70445, "time": 1.1395}
{"mode": "train", "epoch": 1, "iter": 1200, "lr": 0.0001, "memory": 19396, "data_time": 0.01042, "loss_rpn_cls": 0.04802, "loss_rpn_bbox": 0.03029, "s0.loss_cls": 0.2471, "s0.acc": 93.46851, "s0.loss_bbox": 0.12365, "s1.loss_cls": 0.11353, "s1.acc": 93.80424, "s1.loss_bbox": 0.0974, "s2.loss_cls": 0.04871, "s2.acc": 94.63156, "s2.loss_bbox": 0.04544, "loss": 0.75416, "grad_norm": 3.88583, "time": 1.132}
{"mode": "train", "epoch": 2, "iter": 400, "lr": 0.0001, "memory": 19396, "data_time": 0.01628, "loss_rpn_cls": 0.03983, "loss_rpn_bbox": 0.03008, "s0.loss_cls": 0.24437, "s0.acc": 93.21179, "s0.loss_bbox": 0.12197, "s1.loss_cls": 0.1157, "s1.acc": 93.36287, "s1.loss_bbox": 0.10116, "s2.loss_cls": 0.05085, "s2.acc": 94.11658, "s2.loss_bbox": 0.04984, "loss": 0.7538, "grad_norm": 4.10684, "time": 1.14704}
{"mode": "train", "epoch": 2, "iter": 800, "lr": 0.0001, "memory": 19396, "data_time": 0.01032, "loss_rpn_cls": 0.03907, "loss_rpn_bbox": 0.02867, "s0.loss_cls": 0.23172, "s0.acc": 93.52429, "s0.loss_bbox": 0.11795, "s1.loss_cls": 0.10807, "s1.acc": 93.84552, "s1.loss_bbox": 0.09753, "s2.loss_cls": 0.04739, "s2.acc": 94.48032, "s2.loss_bbox": 0.04816, "loss": 0.71854, "grad_norm": 4.12935, "time": 1.13104}
{"mode": "train", "epoch": 2, "iter": 1200, "lr": 0.0001, "memory": 19396, "data_time": 0.01064, "loss_rpn_cls": 0.03882, "loss_rpn_bbox": 0.02848, "s0.loss_cls": 0.23563, "s0.acc": 93.3772, "s0.loss_bbox": 0.12039, "s1.loss_cls": 0.11083, "s1.acc": 93.58649, "s1.loss_bbox": 0.09984, "s2.loss_cls": 0.04913, "s2.acc": 94.24151, "s2.loss_bbox": 0.04939, "loss": 0.7325, "grad_norm": 4.02999, "time": 1.12917}
{"mode": "train", "epoch": 3, "iter": 400, "lr": 0.0001, "memory": 19396, "data_time": 0.01601, "loss_rpn_cls": 0.03551, "loss_rpn_bbox": 0.02637, "s0.loss_cls": 0.23326, "s0.acc": 93.39221, "s0.loss_bbox": 0.11639, "s1.loss_cls": 0.11148, "s1.acc": 93.51652, "s1.loss_bbox": 0.09719, "s2.loss_cls": 0.05022, "s2.acc": 94.07381, "s2.loss_bbox": 0.04941, "loss": 0.71983, "grad_norm": 4.52618, "time": 1.14263}
{"mode": "train", "epoch": 3, "iter": 800, "lr": 0.0001, "memory": 19396, "data_time": 0.01036, "loss_rpn_cls": 0.03303, "loss_rpn_bbox": 0.02603, "s0.loss_cls": 0.22295, "s0.acc": 93.61145, "s0.loss_bbox": 0.11235, "s1.loss_cls": 0.10483, "s1.acc": 93.83074, "s1.loss_bbox": 0.09218, "s2.loss_cls": 0.04726, "s2.acc": 94.30938, "s2.loss_bbox": 0.04718, "loss": 0.6858, "grad_norm": 3.91294, "time": 1.13637}
{"mode": "train", "epoch": 3, "iter": 1200, "lr": 0.0001, "memory": 19396, "data_time": 0.01052, "loss_rpn_cls": 0.03296, "loss_rpn_bbox": 0.02553, "s0.loss_cls": 0.21307, "s0.acc": 93.83606, "s0.loss_bbox": 0.10517, "s1.loss_cls": 0.10286, "s1.acc": 93.93085, "s1.loss_bbox": 0.08981, "s2.loss_cls": 0.04692, "s2.acc": 94.37448, "s2.loss_bbox": 0.04594, "loss": 0.66226, "grad_norm": 3.7113, "time": 1.1277}
{"mode": "train", "epoch": 4, "iter": 400, "lr": 0.0001, "memory": 19396, "data_time": 0.01605, "loss_rpn_cls": 0.03005, "loss_rpn_bbox": 0.02464, "s0.loss_cls": 0.21123, "s0.acc": 93.81335, "s0.loss_bbox": 0.10563, "s1.loss_cls": 0.10201, "s1.acc": 93.80187, "s1.loss_bbox": 0.09162, "s2.loss_cls": 0.04717, "s2.acc": 94.18316, "s2.loss_bbox": 0.04851, "loss": 0.66087, "grad_norm": 3.97962, "time": 1.14869}
{"mode": "train", "epoch": 4, "iter": 800, "lr": 0.0001, "memory": 19396, "data_time": 0.01029, "loss_rpn_cls": 0.03184, "loss_rpn_bbox": 0.02373, "s0.loss_cls": 0.21959, "s0.acc": 93.71765, "s0.loss_bbox": 0.10943, "s1.loss_cls": 0.10402, "s1.acc": 93.88889, "s1.loss_bbox": 0.09147, "s2.loss_cls": 0.04766, "s2.acc": 94.28608, "s2.loss_bbox": 0.04825, "loss": 0.67599, "grad_norm": 4.03988, "time": 1.1367}
{"mode": "train", "epoch": 4, "iter": 1200, "lr": 0.0001, "memory": 19396, "data_time": 0.01055, "loss_rpn_cls": 0.03267, "loss_rpn_bbox": 0.02515, "s0.loss_cls": 0.2215, "s0.acc": 93.64917, "s0.loss_bbox": 0.11019, "s1.loss_cls": 0.10552, "s1.acc": 93.76694, "s1.loss_bbox": 0.09307, "s2.loss_cls": 0.04857, "s2.acc": 94.14372, "s2.loss_bbox": 0.04809, "loss": 0.68475, "grad_norm": 3.89972, "time": 1.13335}
{"mode": "train", "epoch": 5, "iter": 400, "lr": 0.0001, "memory": 19396, "data_time": 0.01658, "loss_rpn_cls": 0.0316, "loss_rpn_bbox": 0.02436, "s0.loss_cls": 0.21019, "s0.acc": 93.82434, "s0.loss_bbox": 0.10552, "s1.loss_cls": 0.09981, "s1.acc": 93.92971, "s1.loss_bbox": 0.08984, "s2.loss_cls": 0.04616, "s2.acc": 94.30049, "s2.loss_bbox": 0.0479, "loss": 0.65538, "grad_norm": 4.09305, "time": 1.14721}
{"mode": "train", "epoch": 5, "iter": 800, "lr": 0.0001, "memory": 19396, "data_time": 0.01063, "loss_rpn_cls": 0.02904, "loss_rpn_bbox": 0.02329, "s0.loss_cls": 0.20129, "s0.acc": 94.09595, "s0.loss_bbox": 0.09997, "s1.loss_cls": 0.09658, "s1.acc": 94.20983, "s1.loss_bbox": 0.0863, "s2.loss_cls": 0.045, "s2.acc": 94.49984, "s2.loss_bbox": 0.04658, "loss": 0.62803, "grad_norm": 3.9902, "time": 1.1359}
{"mode": "train", "epoch": 5, "iter": 1200, "lr": 0.0001, "memory": 19396, "data_time": 0.01056, "loss_rpn_cls": 0.03048, "loss_rpn_bbox": 0.02587, "s0.loss_cls": 0.20377, "s0.acc": 94.08997, "s0.loss_bbox": 0.10211, "s1.loss_cls": 0.09685, "s1.acc": 94.26793, "s1.loss_bbox": 0.08821, "s2.loss_cls": 0.04508, "s2.acc": 94.57874, "s2.loss_bbox": 0.04627, "loss": 0.63864, "grad_norm": 3.87523, "time": 1.12596}
{"mode": "train", "epoch": 6, "iter": 400, "lr": 0.0001, "memory": 19396, "data_time": 0.01655, "loss_rpn_cls": 0.02747, "loss_rpn_bbox": 0.02294, "s0.loss_cls": 0.19597, "s0.acc": 94.21179, "s0.loss_bbox": 0.09872, "s1.loss_cls": 0.09402, "s1.acc": 94.23621, "s1.loss_bbox": 0.08676, "s2.loss_cls": 0.04396, "s2.acc": 94.50189, "s2.loss_bbox": 0.04644, "loss": 0.61627, "grad_norm": 4.18888, "time": 1.14767}
{"mode": "train", "epoch": 6, "iter": 800, "lr": 0.0001, "memory": 19396, "data_time": 0.0106, "loss_rpn_cls": 0.02877, "loss_rpn_bbox": 0.02392, "s0.loss_cls": 0.20422, "s0.acc": 93.92688, "s0.loss_bbox": 0.10286, "s1.loss_cls": 0.09708, "s1.acc": 94.06109, "s1.loss_bbox": 0.08826, "s2.loss_cls": 0.04525, "s2.acc": 94.30874, "s2.loss_bbox": 0.04667, "loss": 0.63701, "grad_norm": 4.10615, "time": 1.13574}
{"mode": "train", "epoch": 6, "iter": 1200, "lr": 0.0001, "memory": 19396, "data_time": 0.01108, "loss_rpn_cls": 0.02834, "loss_rpn_bbox": 0.02186, "s0.loss_cls": 0.19704, "s0.acc": 94.14563, "s0.loss_bbox": 0.10018, "s1.loss_cls": 0.09417, "s1.acc": 94.27813, "s1.loss_bbox": 0.08636, "s2.loss_cls": 0.04376, "s2.acc": 94.56428, "s2.loss_bbox": 0.04584, "loss": 0.61757, "grad_norm": 3.91254, "time": 1.12981}
{"mode": "train", "epoch": 7, "iter": 400, "lr": 0.0001, "memory": 19396, "data_time": 0.01657, "loss_rpn_cls": 0.02479, "loss_rpn_bbox": 0.02114, "s0.loss_cls": 0.19591, "s0.acc": 94.21313, "s0.loss_bbox": 0.09761, "s1.loss_cls": 0.0939, "s1.acc": 94.28919, "s1.loss_bbox": 0.08757, "s2.loss_cls": 0.04434, "s2.acc": 94.47751, "s2.loss_bbox": 0.04803, "loss": 0.61329, "grad_norm": 4.18193, "time": 1.14644}
{"mode": "train", "epoch": 7, "iter": 800, "lr": 0.0001, "memory": 19396, "data_time": 0.01048, "loss_rpn_cls": 0.02563, "loss_rpn_bbox": 0.02283, "s0.loss_cls": 0.19123, "s0.acc": 94.37219, "s0.loss_bbox": 0.09839, "s1.loss_cls": 0.09004,