{"mode": "train", "epoch": 1, "iter": 400, "lr": 8e-05, "memory": 19397, "data_time": 0.01619, "loss_rpn_cls": 0.1732, "loss_rpn_bbox": 0.03805, "s0.loss_cls": 0.3966, "s0.acc": 90.33435, "s0.loss_bbox": 0.14178, "s1.loss_cls": 0.13212, "s1.acc": 95.47559, "s1.loss_bbox": 0.05347, "s2.loss_cls": 0.0552, "s2.acc": 95.57092, "s2.loss_bbox": 0.00995, "loss": 1.00037, "grad_norm": 5.8139, "time": 1.14085}
{"mode": "train", "epoch": 1, "iter": 800, "lr": 0.0001, "memory": 19397, "data_time": 0.00981, "loss_rpn_cls": 0.05109, "loss_rpn_bbox": 0.03358, "s0.loss_cls": 0.2563, "s0.acc": 93.5155, "s0.loss_bbox": 0.13755, "s1.loss_cls": 0.10756, "s1.acc": 94.60352, "s1.loss_bbox": 0.08807, "s2.loss_cls": 0.0412, "s2.acc": 96.04602, "s2.loss_bbox": 0.03247, "loss": 0.74782, "grad_norm": 3.4849, "time": 1.13227}
{"mode": "train", "epoch": 1, "iter": 1200, "lr": 0.0001, "memory": 19397, "data_time": 0.00989, "loss_rpn_cls": 0.04454, "loss_rpn_bbox": 0.03113, "s0.loss_cls": 0.25094, "s0.acc": 93.24377, "s0.loss_bbox": 0.12912, "s1.loss_cls": 0.11289, "s1.acc": 93.7492, "s1.loss_bbox": 0.09762, "s2.loss_cls": 0.047, "s2.acc": 94.75624, "s2.loss_bbox": 0.04399, "loss": 0.75723, "grad_norm": 3.85687, "time": 1.12498}
{"mode": "train", "epoch": 2, "iter": 400, "lr": 0.0001, "memory": 19397, "data_time": 0.01561, "loss_rpn_cls": 0.04303, "loss_rpn_bbox": 0.03028, "s0.loss_cls": 0.24296, "s0.acc": 93.33875, "s0.loss_bbox": 0.12341, "s1.loss_cls": 0.11219, "s1.acc": 93.64235, "s1.loss_bbox": 0.09915, "s2.loss_cls": 0.04792, "s2.acc": 94.43686, "s2.loss_bbox": 0.04688, "loss": 0.7458, "grad_norm": 4.18943, "time": 1.13469}
{"mode": "train", "epoch": 2, "iter": 800, "lr": 0.0001, "memory": 19397, "data_time": 0.00954, "loss_rpn_cls": 0.03497, "loss_rpn_bbox": 0.02622, "s0.loss_cls": 0.22289, "s0.acc": 93.80103, "s0.loss_bbox": 0.11131, "s1.loss_cls": 0.10468, "s1.acc": 94.00894, "s1.loss_bbox": 0.09169, "s2.loss_cls": 0.04668, "s2.acc": 94.5448, "s2.loss_bbox": 0.04566, "loss": 0.68409, "grad_norm": 3.77604, "time": 1.12496}
{"mode": "train", "epoch": 2, "iter": 1200, "lr": 0.0001, "memory": 19397, "data_time": 0.00985, "loss_rpn_cls": 0.0394, "loss_rpn_bbox": 0.03008, "s0.loss_cls": 0.24078, "s0.acc": 93.2738, "s0.loss_bbox": 0.1202, "s1.loss_cls": 0.11316, "s1.acc": 93.44794, "s1.loss_bbox": 0.09745, "s2.loss_cls": 0.05041, "s2.acc": 94.09418, "s2.loss_bbox": 0.04894, "loss": 0.74043, "grad_norm": 3.93826, "time": 1.11801}
{"mode": "train", "epoch": 3, "iter": 400, "lr": 0.0001, "memory": 19397, "data_time": 0.01579, "loss_rpn_cls": 0.03495, "loss_rpn_bbox": 0.02794, "s0.loss_cls": 0.22864, "s0.acc": 93.53247, "s0.loss_bbox": 0.11365, "s1.loss_cls": 0.10814, "s1.acc": 93.73018, "s1.loss_bbox": 0.09543, "s2.loss_cls": 0.04836, "s2.acc": 94.26137, "s2.loss_bbox": 0.04865, "loss": 0.70575, "grad_norm": 4.06296, "time": 1.13645}
{"mode": "train", "epoch": 3, "iter": 800, "lr": 0.0001, "memory": 19397, "data_time": 0.00954, "loss_rpn_cls": 0.03594, "loss_rpn_bbox": 0.02816, "s0.loss_cls": 0.22626, "s0.acc": 93.59167, "s0.loss_bbox": 0.11387, "s1.loss_cls": 0.10638, "s1.acc": 93.76272, "s1.loss_bbox": 0.09581, "s2.loss_cls": 0.04837, "s2.acc": 94.23568, "s2.loss_bbox": 0.04956, "loss": 0.70435, "grad_norm": 4.05337, "time": 1.12604}
{"mode": "train", "epoch": 3, "iter": 1200, "lr": 0.0001, "memory": 19397, "data_time": 0.00989, "loss_rpn_cls": 0.03325, "loss_rpn_bbox": 0.02601, "s0.loss_cls": 0.21318, "s0.acc": 93.9386, "s0.loss_bbox": 0.10598, "s1.loss_cls": 0.10254, "s1.acc": 94.02205, "s1.loss_bbox": 0.08727, "s2.loss_cls": 0.04719, "s2.acc": 94.38124, "s2.loss_bbox": 0.04504, "loss": 0.66045, "grad_norm": 4.20421, "time": 1.1236}
{"mode": "train", "epoch": 4, "iter": 400, "lr": 0.0001, "memory": 19397, "data_time": 0.01568, "loss_rpn_cls": 0.03154, "loss_rpn_bbox": 0.02453, "s0.loss_cls": 0.20828, "s0.acc": 93.9231, "s0.loss_bbox": 0.10381, "s1.loss_cls": 0.09919, "s1.acc": 94.10203, "s1.loss_bbox": 0.08812, "s2.loss_cls": 0.04586, "s2.acc": 94.42341, "s2.loss_bbox": 0.04682, "loss": 0.64816, "grad_norm": 3.87356, "time": 1.13692}
{"mode": "train", "epoch": 4, "iter": 800, "lr": 0.0001, "memory": 19397, "data_time": 0.00949, "loss_rpn_cls": 0.03165, "loss_rpn_bbox": 0.02606, "s0.loss_cls": 0.21735, "s0.acc": 93.72498, "s0.loss_bbox": 0.10809, "s1.loss_cls": 0.10375, "s1.acc": 93.84769, "s1.loss_bbox": 0.09336, "s2.loss_cls": 0.04806, "s2.acc": 94.23875, "s2.loss_bbox": 0.04932, "loss": 0.67763, "grad_norm": 4.09988, "time": 1.1278}
{"mode": "train", "epoch": 4, "iter": 1200, "lr": 0.0001, "memory": 19397, "data_time": 0.01003, "loss_rpn_cls": 0.02967, "loss_rpn_bbox": 0.02401, "s0.loss_cls": 0.20966, "s0.acc": 93.93713, "s0.loss_bbox": 0.10236, "s1.loss_cls": 0.10106, "s1.acc": 94.0029, "s1.loss_bbox": 0.08847, "s2.loss_cls": 0.0468, "s2.acc": 94.29532, "s2.loss_bbox": 0.04633, "loss": 0.64837, "grad_norm": 3.91617, "time": 1.12262}
{"mode": "train", "epoch": 5, "iter": 400, "lr": 0.0001, "memory": 19397, "data_time": 0.01609, "loss_rpn_cls": 0.03163, "loss_rpn_bbox": 0.02426, "s0.loss_cls": 0.20756, "s0.acc": 93.89893, "s0.loss_bbox": 0.10353, "s1.loss_cls": 0.09938, "s1.acc": 94.0774, "s1.loss_bbox": 0.08922, "s2.loss_cls": 0.04641, "s2.acc": 94.35858, "s2.loss_bbox": 0.04722, "loss": 0.64921, "grad_norm": 4.2479, "time": 1.13987}
{"mode": "train", "epoch": 5, "iter": 800, "lr": 0.0001, "memory": 19397, "data_time": 0.00981, "loss_rpn_cls": 0.02884, "loss_rpn_bbox": 0.02334, "s0.loss_cls": 0.20487, "s0.acc": 94.01147, "s0.loss_bbox": 0.10269, "s1.loss_cls": 0.09825, "s1.acc": 94.13571, "s1.loss_bbox": 0.08823, "s2.loss_cls": 0.04586, "s2.acc": 94.41535, "s2.loss_bbox": 0.04611, "loss": 0.63819, "grad_norm": 4.25542, "time": 1.125}
{"mode": "train", "epoch": 5, "iter": 1200, "lr": 0.0001, "memory": 19397, "data_time": 0.00994, "loss_rpn_cls": 0.02903, "loss_rpn_bbox": 0.02399, "s0.loss_cls": 0.20466, "s0.acc": 94.01941, "s0.loss_bbox": 0.10162, "s1.loss_cls": 0.09783, "s1.acc": 94.18333, "s1.loss_bbox": 0.08711, "s2.loss_cls": 0.04552, "s2.acc": 94.40983, "s2.loss_bbox": 0.04639, "loss": 0.63615, "grad_norm": 4.21192, "time": 1.12328}
{"mode": "train", "epoch": 6, "iter": 400, "lr": 0.0001, "memory": 19397, "data_time": 0.01567, "loss_rpn_cls": 0.02885, "loss_rpn_bbox": 0.02481, "s0.loss_cls": 0.20272, "s0.acc": 93.97754, "s0.loss_bbox": 0.10369, "s1.loss_cls": 0.09553, "s1.acc": 94.13837, "s1.loss_bbox": 0.08684, "s2.loss_cls": 0.04387, "s2.acc": 94.52898, "s2.loss_bbox": 0.04517, "loss": 0.63148, "grad_norm": 4.27388, "time": 1.13756}
{"mode": "train", "epoch": 6, "iter": 800, "lr": 0.0001, "memory": 19397, "data_time": 0.00953, "loss_rpn_cls": 0.02789, "loss_rpn_bbox": 0.02259, "s0.loss_cls": 0.20226, "s0.acc": 94.03076, "s0.loss_bbox": 0.10304, "s1.loss_cls": 0.09735, "s1.acc": 94.10461, "s1.loss_bbox": 0.08914, "s2.loss_cls": 0.04505, "s2.acc": 94.43849, "s2.loss_bbox": 0.04724, "loss": 0.63456, "grad_norm": 4.28933, "time": 1.12834}
{"mode": "train", "epoch": 6, "iter": 1200, "lr": 0.0001, "memory": 19397, "data_time": 0.0097, "loss_rpn_cls": 0.02575, "loss_rpn_bbox": 0.02165, "s0.loss_cls": 0.19976, "s0.acc": 94.07336, "s0.loss_bbox": 0.10031, "s1.loss_cls": 0.09662, "s1.acc": 94.17525, "s1.loss_bbox": 0.08752, "s2.loss_cls": 0.0452, "s2.acc": 94.43207, "s2.loss_bbox": 0.04582, "loss": 0.62262, "grad_norm": 4.325, "time": 1.12574}
{"mode": "train", "epoch": 7, "iter": 400, "lr": 0.0001, "memory": 19397, "data_time": 0.01554, "loss_rpn_cls": 0.0269, "loss_rpn_bbox": 0.0227, "s0.loss_cls": 0.20367, "s0.acc": 93.91931, "s0.loss_bbox": 0.1038, "s1.loss_cls": 0.09665, "s1.acc": 94.08954, "s1.loss_bbox": 0.08865, "s2.loss_cls": 0.0451, "s2.acc": 94.41508, "s2.loss_bbox": 0.04685, "loss": 0.63432, "grad_norm": 4.63633, "time": 1.14283}
{"mode": "train", "epoch": 7, "iter": 800, "lr": 0.0001, "memory": 19397, "data_time": 0.00941, "loss_rpn_cls": 0.02805, "loss_rpn_bbox": 0.02265, "s0.loss_cls": 0.19474, "s0.acc": 94.22742, "s0.loss_bbox": 0.09986, "s1.loss_cls": 0.09298,