{"mode": "train", "epoch": 1, "iter": 500, "lr": 0.0001, "memory": 19760, "data_time": 0.01491, "loss_rpn_cls": 0.14886, "loss_rpn_bbox": 0.03667, "s0.loss_cls": 0.32559, "s0.acc": 93.11777, "s0.loss_bbox": 0.14092, "s1.loss_cls": 0.13233, "s1.acc": 94.13047, "s1.loss_bbox": 0.06061, "s2.loss_cls": 0.05208, "s2.acc": 95.50947, "s2.loss_bbox": 0.01359, "loss": 0.91065, "grad_norm": 4.99349, "time": 1.14337}
{"mode": "train", "epoch": 2, "iter": 500, "lr": 0.0001, "memory": 19760, "data_time": 0.01455, "loss_rpn_cls": 0.04486, "loss_rpn_bbox": 0.03008, "s0.loss_cls": 0.24511, "s0.acc": 93.27041, "s0.loss_bbox": 0.12395, "s1.loss_cls": 0.11373, "s1.acc": 93.57269, "s1.loss_bbox": 0.10015, "s2.loss_cls": 0.04893, "s2.acc": 94.4218, "s2.loss_bbox": 0.04704, "loss": 0.75385, "grad_norm": 3.8038, "time": 1.15229}
{"mode": "train", "epoch": 3, "iter": 500, "lr": 0.0001, "memory": 19760, "data_time": 0.01455, "loss_rpn_cls": 0.03573, "loss_rpn_bbox": 0.0283, "s0.loss_cls": 0.22486, "s0.acc": 93.61455, "s0.loss_bbox": 0.11389, "s1.loss_cls": 0.10604, "s1.acc": 93.79488, "s1.loss_bbox": 0.09594, "s2.loss_cls": 0.04734, "s2.acc": 94.39545, "s2.loss_bbox": 0.04852, "loss": 0.70062, "grad_norm": 3.91476, "time": 1.14782}
{"mode": "train", "epoch": 4, "iter": 500, "lr": 0.0001, "memory": 19760, "data_time": 0.0146, "loss_rpn_cls": 0.03377, "loss_rpn_bbox": 0.02596, "s0.loss_cls": 0.21665, "s0.acc": 93.79248, "s0.loss_bbox": 0.10915, "s1.loss_cls": 0.10377, "s1.acc": 93.85608, "s1.loss_bbox": 0.09352, "s2.loss_cls": 0.04794, "s2.acc": 94.18224, "s2.loss_bbox": 0.04868, "loss": 0.67943, "grad_norm": 4.15054, "time": 1.1506}
{"mode": "train", "epoch": 5, "iter": 500, "lr": 0.0001, "memory": 19760, "data_time": 0.01476, "loss_rpn_cls": 0.02995, "loss_rpn_bbox": 0.02499, "s0.loss_cls": 0.20574, "s0.acc": 93.88867, "s0.loss_bbox": 0.10634, "s1.loss_cls": 0.09991, "s1.acc": 93.85557, "s1.loss_bbox": 0.09176, "s2.loss_cls": 0.04642, "s2.acc": 94.16376, "s2.loss_bbox": 0.04862, "loss": 0.65373, "grad_norm": 3.93579, "time": 1.15194}
{"mode": "train", "epoch": 6, "iter": 500, "lr": 0.0001, "memory": 19760, "data_time": 0.01456, "loss_rpn_cls": 0.02723, "loss_rpn_bbox": 0.02357, "s0.loss_cls": 0.19643, "s0.acc": 94.17744, "s0.loss_bbox": 0.09959, "s1.loss_cls": 0.09442, "s1.acc": 94.26837, "s1.loss_bbox": 0.08712, "s2.loss_cls": 0.04387, "s2.acc": 94.58155, "s2.loss_bbox": 0.04664, "loss": 0.61887, "grad_norm": 4.34289, "time": 1.14669}
{"mode": "train", "epoch": 7, "iter": 500, "lr": 0.0001, "memory": 19760, "data_time": 0.01468, "loss_rpn_cls": 0.02647, "loss_rpn_bbox": 0.02264, "s0.loss_cls": 0.1986, "s0.acc": 94.06279, "s0.loss_bbox": 0.1031, "s1.loss_cls": 0.09506, "s1.acc": 94.1886, "s1.loss_bbox": 0.08952, "s2.loss_cls": 0.04417, "s2.acc": 94.52991, "s2.loss_bbox": 0.04761, "loss": 0.62717, "grad_norm": 4.43361, "time": 1.1475}
{"mode": "train", "epoch": 8, "iter": 500, "lr": 0.0001, "memory": 19760, "data_time": 0.01472, "loss_rpn_cls": 0.02663, "loss_rpn_bbox": 0.02281, "s0.loss_cls": 0.19665, "s0.acc": 94.11934, "s0.loss_bbox": 0.10186, "s1.loss_cls": 0.09509, "s1.acc": 94.19945, "s1.loss_bbox": 0.08863, "s2.loss_cls": 0.04469, "s2.acc": 94.43877, "s2.loss_bbox": 0.04803, "loss": 0.62437, "grad_norm": 4.29695, "time": 1.15064}
{"mode": "train", "epoch": 9, "iter": 500, "lr": 1e-05, "memory": 19760, "data_time": 0.01489, "loss_rpn_cls": 0.0225, "loss_rpn_bbox": 0.02122, "s0.loss_cls": 0.16922, "s0.acc": 94.7208, "s0.loss_bbox": 0.09451, "s1.loss_cls": 0.08093, "s1.acc": 94.86799, "s1.loss_bbox": 0.08591, "s2.loss_cls": 0.03821, "s2.acc": 95.05623, "s2.loss_bbox": 0.04688, "loss": 0.55938, "grad_norm": 3.78756, "time": 1.1501}
{"mode": "train", "epoch": 10, "iter": 500, "lr": 1e-05, "memory": 19760, "data_time": 0.01485, "loss_rpn_cls": 0.0206, "loss_rpn_bbox": 0.01932, "s0.loss_cls": 0.15563, "s0.acc": 95.11943, "s0.loss_bbox": 0.08779, "s1.loss_cls": 0.07304, "s1.acc": 95.34396, "s1.loss_bbox": 0.07938, "s2.loss_cls": 0.03459, "s2.acc": 95.45645, "s2.loss_bbox": 0.04399, "loss": 0.51434, "grad_norm": 3.85865, "time": 1.14909}
{"mode": "train", "epoch": 11, "iter": 500, "lr": 1e-05, "memory": 19760, "data_time": 0.01488, "loss_rpn_cls": 0.02033, "loss_rpn_bbox": 0.01977, "s0.loss_cls": 0.15583, "s0.acc": 95.05732, "s0.loss_bbox": 0.09079, "s1.loss_cls": 0.07296, "s1.acc": 95.31312, "s1.loss_bbox": 0.08115, "s2.loss_cls": 0.03449, "s2.acc": 95.51588, "s2.loss_bbox": 0.04591, "loss": 0.52124, "grad_norm": 3.97948, "time": 1.15216}
{"mode": "train", "epoch": 12, "iter": 500, "lr": 0.0, "memory": 19760, "data_time": 0.01493, "loss_rpn_cls": 0.02061, "loss_rpn_bbox": 0.01872, "s0.loss_cls": 0.14783, "s0.acc": 95.29883, "s0.loss_bbox": 0.08663, "s1.loss_cls": 0.06881, "s1.acc": 95.57101, "s1.loss_bbox": 0.07913, "s2.loss_cls": 0.03235, "s2.acc": 95.70317, "s2.loss_bbox": 0.04528, "loss": 0.49937, "grad_norm": 4.01226, "time": 1.14975}
{"mode": "train", "epoch": 13, "iter": 500, "lr": 0.0, "memory": 19760, "data_time": 0.01523, "loss_rpn_cls": 0.02098, "loss_rpn_bbox": 0.01907, "s0.loss_cls": 0.14757, "s0.acc": 95.26426, "s0.loss_bbox": 0.08688, "s1.loss_cls": 0.06896, "s1.acc": 95.54994, "s1.loss_bbox": 0.07845, "s2.loss_cls": 0.03238, "s2.acc": 95.72026, "s2.loss_bbox": 0.04433, "loss": 0.49863, "grad_norm": 3.90374, "time": 1.21586}
{"mode": "train", "epoch": 14, "iter": 500, "lr": 0.0, "memory": 19760, "data_time": 0.01503, "loss_rpn_cls": 0.01946, "loss_rpn_bbox": 0.01821, "s0.loss_cls": 0.14966, "s0.acc": 95.23096, "s0.loss_bbox": 0.0879, "s1.loss_cls": 0.06971, "s1.acc": 95.50671, "s1.loss_bbox": 0.0809, "s2.loss_cls": 0.03308, "s2.acc": 95.64835, "s2.loss_bbox": 0.04541, "loss": 0.50431, "grad_norm": 3.89893, "time": 1.14962}
{"mode": "train", "epoch": 15, "iter": 500, "lr": 0.0, "memory": 19760, "data_time": 0.01481, "loss_rpn_cls": 0.01896, "loss_rpn_bbox": 0.01842, "s0.loss_cls": 0.14321, "s0.acc": 95.38779, "s0.loss_bbox": 0.08495, "s1.loss_cls": 0.06636, "s1.acc": 95.71219, "s1.loss_bbox": 0.07808, "s2.loss_cls": 0.03138, "s2.acc": 95.83887, "s2.loss_bbox": 0.04415, "loss": 0.48551, "grad_norm": 3.93129, "time": 1.14775}
{"mode": "train", "epoch": 16, "iter": 500, "lr": 0.0, "memory": 19760, "data_time": 0.01488, "loss_rpn_cls": 0.01987, "loss_rpn_bbox": 0.01894, "s0.loss_cls": 0.14722, "s0.acc": 95.3584, "s0.loss_bbox": 0.08489, "s1.loss_cls": 0.0693, "s1.acc": 95.56872, "s1.loss_bbox": 0.07897, "s2.loss_cls": 0.0326, "s2.acc": 95.70801, "s2.loss_bbox": 0.04425, "loss": 0.49604, "grad_norm": 3.93977, "time": 1.14482}
{"mode": "train", "epoch": 17, "iter": 500, "lr": 0.0, "memory": 19760, "data_time": 0.01523, "loss_rpn_cls": 0.01844, "loss_rpn_bbox": 0.01861, "s0.loss_cls": 0.1448, "s0.acc": 95.36621, "s0.loss_bbox": 0.08523, "s1.loss_cls": 0.06816, "s1.acc": 95.58062, "s1.loss_bbox": 0.07915, "s2.loss_cls": 0.03235, "s2.acc": 95.71584, "s2.loss_bbox": 0.04563, "loss": 0.49237, "grad_norm": 4.04732, "time": 1.14749}
{"mode": "train", "epoch": 18, "iter": 500, "lr": 0.0, "memory": 19760, "data_time": 0.01518, "loss_rpn_cls": 0.0182, "loss_rpn_bbox": 0.01863, "s0.loss_cls": 0.14205, "s0.acc": 95.45479, "s0.loss_bbox": 0.08375, "s1.loss_cls": 0.06624, "s1.acc": 95.71888, "s1.loss_bbox": 0.07663, "s2.loss_cls": 0.03142, "s2.acc": 95.83567, "s2.loss_bbox": 0.04412, "loss": 0.48105, "grad_norm": 3.90565, "time": 1.15029}
{"mode": "train", "epoch": 19, "iter": 500, "lr": 0.0, "memory": 19760, "data_time": 0.01504, "loss_rpn_cls": 0.01883, "loss_rpn_bbox": 0.01825, "s0.loss_cls": 0.14605, "s0.acc": 95.32109, "s0.loss_bbox": 0.08528, "s1.loss_cls": 0.06795, "s1.acc": 95.60721, "s1.loss_bbox": 0.07806, "s2.loss_cls": 0.03222, "s2.acc": 95.74506, "s2.loss_bbox": 0.04448, "loss": 0.4911, "grad_norm": 3.99041, "time": 1.14506}
{"mode": "train", "epoch": 20, "iter": 500, "lr": 0.0, "memory": 19760, "data_time": 0.01509, "loss_rpn_cls": 0.01781, "loss_rpn_bbox": 0.01867, "s0.loss_cls": 0.14567, "s0.acc": 95.31914, "s0.loss_bbox": 0.08669, "s1.loss_cls": 0.06743,